Point,X (m),Y (m),Z (m)
0,2604.946395938639,-1804.0383066395325,155.93036037578423
1,2544.868014685233,-1780.8776153007586,88.25711154781236
2,2372.6499375465883,-2404.8369774711987,125.32022801187046
3,2735.5954856830667,-1105.8757933648042,214.53769925073917
4,1857.097533912151,-2142.653553042181,147.50779940086025
5,2396.9917015907295,-1574.9161567304045,250.88123653610882
6,2634.9733601715307,-1778.5657432070147,236.213351714914
7,2713.9930588062302,-2298.1949386999413,26.428561028228913
8,1185.8380110907108,-1043.9148208740116,120.67231859024889
9,1904.7171558589273,-2721.56347153671,216.60442572738575
10,2428.7034657023314,-2255.4400515447346,62.07274258160456
11,1873.500287955083,-2831.325248677255,30.24540122971677
12,2507.051998830376,-1874.695159260277,51.05840421064876
13,1075.8744537848136,-1251.8886534982043,109.41616728757565
14,2900.5221410111953,-1419.0840242514303,214.0747751760887
15,2336.4419546647086,-1312.301734973004,31.995529042195557
16,1002.046121559284,-1478.938493822269,-5.566361167845564
17,2904.045636397991,-1811.6137981566706,180.36134659097772
18,1232.26639587544,-2002.8591915952418,29.980290059158946
19,2691.304479877286,-2377.2851334741,232.09895343379708
20,2090.3087866366695,-1454.7406778564407,120.62558532446445
21,1389.4091396822362,-1683.5614808231012,178.68843556188986
22,2631.5172177350605,-2152.2241783748013,120.98463701454543
23,1162.4039652688116,-1448.8790769258815,50.54570953675034
24,1093.909698456851,-2602.8628106857673,163.95491433083822
25,1836.3329264315778,-2715.464909628526,70.44256173092647
26,2756.424852924251,-1310.3376656863413,121.83710718652927
27,2523.669457294921,-2274.875677163961,-0.7312738165955324
28,2609.00633748837,-1611.2016471294628,20.85496880813328
29,1342.8275590961935,-2616.6240725182683,159.00070282928476
30,1849.0771316800897,-2956.608091716339,174.56525344789605
31,2587.867750966941,-1157.7426850616862,41.052087987157826
32,2699.279688190596,-2720.3719170779395,41.47841018923086
33,2033.7669167457166,-2711.1315084371595,201.01485574858114
34,2624.3977743022156,-2454.538695600065,118.94616653644539
35,1980.8939378859884,-1263.9861524148525,35.42921904068822
36,1252.079596075095,-2060.03416855613,88.622291266548
37,1052.2018824025727,-2098.9164005054463,51.52559476370821
38,1990.172173965798,-1946.9210600085528,226.2173879389325
39,1133.9173697213578,-1118.5271598642814,81.04259698408836
40,1973.4105495712054,-2430.2116660524844,229.4310665106573
41,2916.293172428037,-2601.5105152840088,0.39162425036170134
42,2247.5199838365465,-2076.253426247802,126.16547752707567
43,2740.7318676538566,-2199.3323419151966,148.63818154349468
44,2348.0457187798656,-1401.880468903256,97.36347644517869
45,2861.629694071955,-2801.2387415705316,22.053574048495463
46,1994.255447663884,-1006.085521506764,78.49188748653634
47,1668.0187739588425,-2643.206802033512,70.23978979750626
48,1093.9021753069765,-2764.3869197609342,39.357439440948546
49,2002.4476614118114,-2732.956691731349,29.321378932587358
50,2056.093655389447,-2199.9905930039567,37.12035126534294
51,2450.4650648062566,-2593.6790461088017,187.65962328648303
52,2573.8661180368035,-2988.979026447726,151.22613255260717
53,2610.109040510178,-2974.9313556780567,178.48300965606836
54,2670.9103697060136,-2543.7684584340177,206.31784072301264
55,2797.159515706036,-1663.901733375562,161.83162949875418
56,2871.681166155348,-1346.2332506982223,175.52331392791598
57,2497.6165250269887,-1371.3993307545302,153.95938547904458
58,1964.080096058124,-2129.8256732048194,122.23092135323557
59,1158.4033815919065,-1819.817797134058,74.6015216394207
60,2542.6548028807792,-1116.954510225391,4.461280530039694
61,1753.39794137872,-2410.0171363916897,142.71238976750277
62,1444.3965967899346,-1517.5483709933862,252.32898824103836
63,1249.6405743901782,-2958.5654506902133,147.31418021757173
64,2670.4679531709944,-2649.6372154305814,3.464406918029649
65,1307.7691284557673,-1557.3730508799415,38.37473252743036
66,2852.3428874165393,-1319.5165694916814,202.09947203818308
67,1354.1121705666822,-2203.841987350514,110.30243262936872
68,2286.7803616777373,-1113.249653553638,-0.1332125869361409
69,1436.6183926052581,-1072.6591620479257,57.72984879355994
70,1915.8735378334163,-2939.8773435452713,121.05448520211289
71,2000.9391945169787,-2189.3904459548157,165.39637596218523
72,1915.1353683476184,-1448.0693841133354,9.206084215383619
73,2171.7383890759274,-2645.635191685489,-11.821027459465842
74,1175.9749903162633,-1327.84279355321,10.230845795724203
75,2009.0423888564542,-1840.3011276423006,58.70650179486624
76,1192.7788550056828,-2367.5425242000283,24.481317233174522
77,2370.7166888957167,-1571.923361429271,93.80001047289241
78,1810.9239758557771,-1155.111173388394,228.92282133105832
79,1888.436634505628,-1951.334083929334,156.79523732318074
80,2744.0936409948204,-2296.413644692527,218.4192573343069
81,1524.3153705443592,-1609.0412520248399,128.07673413695045
82,1892.9343903189128,-1343.5440074194714,106.68312552741763
83,1905.0805718032975,-2796.487360518374,183.57569502160788
84,1490.4091413492515,-2549.857657926561,220.15701746133323
85,1298.9789527006224,-1401.7975893638468,212.79554007997353
86,2873.4446171917634,-1931.409746915398,101.31512563550744
87,2232.732793954762,-2629.6175283250823,194.57346907824336
88,1830.1515077075126,-1515.516274076192,121.24372094369502
89,1567.5016259662084,-1805.5533334741142,149.33972607927623
90,2036.7868661039113,-2142.591186795964,106.58648376458628
91,1023.3547485034118,-1940.3259882693822,206.04654101052574
92,2916.9985850667217,-1331.30641503042,44.85165092739671
93,2493.0399776770573,-2317.6781668726812,128.73695962372392
94,1404.604571069702,-2883.1439788097537,251.83956971537918
95,1442.3336677947952,-2157.93051987357,133.99452258453334
96,2063.0260294007626,-1890.1664512013526,109.08540119176669
97,1113.3942001171113,-2970.748174293539,50.514784647975674
98,1710.13402728129,-1775.7867979734604,72.85817756208093
99,2414.08592012241,-2273.0980054409833,220.67641283021513
100,2032.1840220012436,-2539.968274527627,35.786549844753786
101,2420.2729595456117,-1019.7511398504023,207.00334067502385
102,2767.4193325221286,-2211.3155714928616,199.1372415532672
103,2322.8900087055426,-1475.302560795051,120.82572953344561
104,1707.9100738250263,-2416.1804893853073,47.60292258503036
105,1513.4893784211586,-1823.4278406056626,105.12100020431598
106,2176.8401883487036,-2193.554783205366,24.895316691282275
107,2463.3455805525005,-2569.3464596964095,109.03252734797842
108,2059.886524222329,-1268.333547837037,259.27466544928654
109,2663.090616715378,-2955.9982444720263,157.71939488224783
110,1139.4233757553652,-1054.700912570482,232.3780868435827
111,1332.5717800706996,-2498.2192871974057,200.94055111595083
112,1411.8260575301508,-1091.2222839265028,233.54609978658675
113,1321.6108016477503,-2027.4917738474574,255.53032514435307
114,1044.5281104036549,-2593.154396575148,184.47416608920128
115,1806.92085569938,-1597.7627005036602,207.01364882538732
116,2809.2415018510746,-1139.6743521701326,41.50761605890571
117,1172.5448175842334,-2963.799885243359,154.57960971448998
118,2726.0189117125847,-1703.3832049942694,97.01414629419106
119,2669.1729230884757,-2054.0907904414025,116.93604366916205
120,1935.2323006205315,-2174.542834538922,183.61968911243315
121,2356.3325603884455,-2023.9952377722766,184.8670610105518
122,2733.2118333788567,-2652.894287860553,-10.527814350557453
123,1091.9488677128047,-2669.066707189103,40.80315142085365
124,2858.0416495182108,-1798.8887118627101,-10.848860857635554
125,2460.204919159285,-2240.340957522796,68.41230952035372
126,1856.10012845979,-2360.695294329839,-12.740616538075123
127,2660.672843515734,-1541.3188912070789,188.0537416185021
128,2336.7739102550395,-1172.9196667841893,136.69428346834647
129,2739.646205681426,-2892.3338237397866,106.34210231444155
130,2310.711123412419,-1408.7946604237918,147.77597186769637
131,1770.2415834891942,-2441.4160199854605,53.538979793834
132,2286.3278829366072,-2767.6952042534367,257.16487993452967
133,2189.017885614531,-1975.6199485291288,28.150429952346045
134,1821.9057620240233,-2767.5442683838132,63.40774414388038
135,2784.6754059114055,-1230.8763623278332,6.250667796186274
136,2792.3584219304394,-2693.923826187071,252.47256502770824
137,1449.5889448998064,-1207.9550972262366,82.76382906821476
138,1952.9451374318724,-1679.8010616039865,4.36707442843452
139,1172.0312430362133,-2665.9408221826748,110.67526656377223
140,2177.833899037495,-2694.541308724472,186.55537381052878
141,1867.2461922224074,-2295.8312113640186,148.650982101477
142,2870.491461290513,-2382.6266823937876,182.9675038168385
143,1663.9626397500397,-2917.166114421687,65.23166379187936
144,2060.5422456360193,-2509.1428514470363,22.081244359301664
145,1192.7324499568276,-2883.783504359918,82.53246910295199
146,2873.421641773337,-2500.516371034191,59.739685061729844
147,1352.852835924033,-2613.074917937189,66.3927207066306
148,1519.079610341067,-1388.6986351796938,180.75519512991903
149,1434.1825726019717,-1259.3173212426163,20.913243778193923
150,1788.071639545075,-2951.359685665352,154.50934557010825
151,2059.3834319522566,-2491.2783147526047,35.69703708963998
152,1312.0699834335087,-1609.8639415252198,-10.269936347554163
153,1895.5252326497393,-1791.1710335380258,146.7222032499528
154,1446.8650065181191,-1932.2549231354344,234.34697270782982
155,2960.376744836927,-1610.540146718502,207.40394557460533
156,2213.9637879714537,-2715.70081718172,129.25744628674218
157,1257.8967573789291,-2367.209020257516,119.38733915298906
158,1041.023807239531,-2964.8803878018407,228.0395336246891
159,1251.3073939032465,-1020.5518305432047,96.05086252807138
160,1280.5292302019652,-1678.7760656622702,203.7709783842337
161,2126.018632470408,-2612.3601605030117,218.15024557777858
162,2642.1673124819563,-2858.6038877632895,138.7243901157431
163,2975.2113468016532,-1080.667132150452,49.37288228322102
164,2051.4459951101076,-1535.5798989620548,5.822095450314922
165,1341.760874958706,-1119.7537800062355,56.38445261945094
166,1870.4045304368096,-1554.6775424856396,205.46200427760817
167,2698.430830373355,-1621.6328648362773,49.467816541855214
168,1739.1743563476643,-2990.458381680333,76.19277957165276
169,2482.3736162248642,-1043.1895664807832,43.419994708253355
170,1333.595251625803,-2190.5797933438243,59.49802472136386
171,1531.4449930540118,-2627.7676737755073,84.54030596678122
172,1062.757591494155,-1384.882503113175,172.22862225613048
173,2023.3055466507133,-2442.47153079466,146.37212066163394
174,1803.6499070585664,-2550.2676584382243,24.66413100904704
175,1388.752072422628,-1731.674528987662,-14.585877246300281
176,2434.03449196194,-1078.3319570061744,32.1824424080797
177,1248.9619963019852,-1441.7046952165865,145.92014239354626
178,1911.486638472947,-2685.339853510752,124.533240512399
179,1803.99986290839,-1917.7403101034743,248.3476151606573
180,1324.7613530299018,-1382.845089223651,221.29206813049365
181,2798.145088390872,-1690.1490873989123,201.60043923499845
182,1631.3849526842168,-2220.953419297428,137.23412869755612
183,2936.118325082283,-2897.584911495205,181.4878105045745
184,2025.9914781773869,-2383.669000121834,108.28937715924407
185,1375.8190914698976,-1723.0105852116726,231.3611899412325
186,1307.3421662180347,-2200.921881384259,161.31866760081073
187,2109.7162664417656,-2170.1788936006024,121.11568768290925
188,1041.2208041729584,-2984.638800898952,143.2751490425525
189,1851.361855233,-2355.889176272256,81.34565199838201
190,1468.5889626582239,-2700.4793232873026,173.76869818867755
191,1279.959389609036,-1274.8566191823525,75.6618369678847
192,2911.158772723828,-1601.6487771397765,205.21914229134632
193,2567.7511458399013,-1411.483264391007,69.64209383804423
194,2421.926948915704,-2149.204889976376,159.11158528808224
195,2136.4552485653703,-1546.5625360939976,31.1483049206481
196,2636.770492323006,-1400.3582348904847,-11.741664961804425
197,2054.770354960079,-1902.3539799453606,128.98720397457595
198,2512.151038599839,-1193.140996139211,-10.934609666481485
199,1396.636204780787,-2942.462205880626,208.49603630534784
